{"bleu1_model": 0.507147296457427, "bleu4_model": 0.12924818678239602, "bleu1_blip": 0.6048048696554944, "bleu4_blip": 0.2668414772765722}